Elevation_m_MSL,Original_Area_ha,Original_Capacity_1000m3,Current_Area_ha,Current_Capacity_1000m3,Capacity_Loss_1000m3,Capacity_Loss_pct
78.4,0,0,0,0,0,0
78.6,0.05,0.05,0,0,0.05,100
78.8,1.6,1.7,0,0,1.7,100
79,2.68,5.98,0,0,5.98,100
79.2,3.42,12.08,0,0,12.08,100
79.4,4.05,19.55,0,0,19.55,100
79.6,4.78,28.38,0,0,28.38,100
79.8,5.32,38.48,0,0,38.48,100
80,6.11,49.91,0,0,49.91,100
80.2,6.83,62.85,0,0,62.85,100
80.4,7.71,77.39,0,0,77.39,100
80.6,8.41,93.51,0,0,93.51,100
80.8,9.36,111.28,0,0,111.28,100
81,10.61,131.25,0,0,131.25,100
81.2,11.42,153.28,0,0,153.28,100
81.4,12.335,177.035,0,0,177.035,100
81.6,13.432,202.802,0.02,0.02,202.782,100
81.8,14.193,230.427,0.502,0.542,229.885,99.8
82,15.18,259.8,2.551,3.595,256.205,98.6
82.2,16.218,291.198,4.22,10.366,280.832,96.4
82.4,17.16,324.576,5.845,20.43,304.146,93.7
82.6,18.327,360.063,7.214,33.489,326.574,90.7
82.8,19.709,398.099,8.613,49.316,348.783,87.6
83,21.362,439.169,9.717,67.645,371.524,84.6
83.2,22.886,483.417,11.18,88.542,394.875,81.7
83.4,23.941,530.244,12.682,112.404,417.84,78.8
83.6,24.977,579.162,14.844,139.931,439.231,75.8
83.8,25.822,629.961,17.268,172.043,457.918,72.7
84,27.58,683.363,19.539,208.849,474.514,69.4
84.2,29.455,740.398,21.716,250.104,490.294,66.2
84.4,29.467,799.32,24.102,295.923,503.397,63
84.6,31.078,859.865,25.458,345.482,514.383,59.8
84.8,32.26,923.203,29.324,400.264,522.939,56.6
85,33.437,988.9,29.445,459.034,529.866,53.6
85.2,34.608,1056.944,29.467,517.946,538.998,51
85.4,35.775,1127.328,35.775,583.188,544.14,48.3
85.6,36.937,1200.04,36.937,655.9,544.14,45.3
85.8,38.094,1275.07,38.094,730.93,544.14,42.7
86,39.246,1352.409,39.246,808.269,544.14,40.2
86.2,40.392,1432.047,40.392,887.907,544.14,38
86.4,41.534,1513.974,41.534,969.834,544.14,35.9
86.6,42.671,1598.18,42.671,1054.04,544.14,34
86.8,43.803,1684.655,43.803,1140.515,544.14,32.3
87,44.93,1773.389,44.93,1229.249,544.14,30.7
87.2,46.053,1864.372,46.053,1320.232,544.14,29.2
87.4,47.17,1957.594,47.17,1413.454,544.14,27.8
87.6,48.282,2053.045,48.282,1508.905,544.14,26.5
87.8,49.389,2150.716,49.389,1606.576,544.14,25.3
88,50.491,2250.597,50.491,1706.457,544.14,24.2
88.2,51.589,2352.676,51.589,1808.536,544.14,23.1
88.4,52.681,2456.946,52.681,1912.806,544.14,22.1
88.6,53.768,2563.395,53.768,2019.255,544.14,21.2
88.8,54.851,2672.013,54.851,2127.873,544.14,20.4
89,55.928,2782.792,55.928,2238.652,544.14,19.6
89.2,57,2895.72,57,2351.58,544.14,18.8
